run_id,split,script_type,fps,frames,duration_s,width,height,operator,camera_setup_id,video_sha256
x001,train,correct,29.999283506209093,642,21.40051111111111,848,480,unknown,unknown,165a31885e83a8f9994b49db71eb91469ae56535604a8056a08829725496afb9
x002,test,correct,29.98869452754979,565,18.840433333333333,848,480,unknown,unknown,9ac1f99ca165e0336d6a2f61ff509f28da380c4f42f5f11bbafd58d51f4d9190
x003,train,correct,29.95317412045756,545,18.195066666666666,848,480,unknown,unknown,c143d75a6e03a11df7a38115ad1a95fc4213e8c18916cc25250ae7c8ceb2132e
x004,train,correct,29.996244450935517,623,20.769266666666667,848,480,unknown,unknown,237955f564f08f53ac39cd6f2c4fef699f4e4790200512fa325eee74e499739b
x005,train,correct,30.006237407683358,720,23.99501111111111,848,480,unknown,unknown,0d49e5d0d53f76b58cdb3c150d32c9ca4dbb790bbff661effc5393f44732bb2c
x006,train,correct,30.0,538,17.933333333333334,848,480,unknown,unknown,f6c8d00ce559015ecd60c8b5bf0040b3ed522265017466d5538e1b1a82554ba0
x007,train,correct,30.0,710,23.666666666666668,848,480,unknown,unknown,5a469d1c6e90faf11c207a9316db7cdada7f3d99a19478b227a83eddf5634519
x008,train,correct,29.923625395843985,755,25.230900000000002,848,480,unknown,unknown,6ae37d47a0351178ece8885b2354c7e0c67a839083f1ba2edd69119f388dc6b7
x009,test,correct,30.0,631,21.033333333333335,848,480,unknown,unknown,74d7debcdf3e2ebc2907bd70128c5a3d32b2af7a46bc47a40036357b095f5677
x010,train,correct,29.97492914940926,599,19.983366666666665,848,480,unknown,unknown,bd0cbbb88fa62724775699ee9769a4d6f3c32c4285a0501f5ada8d91e4c02683
x011,train,correct,29.976477532754547,562,18.748033333333332,848,480,unknown,unknown,17f844bcbe4b644ec814a3b923ecb76984343b82ada1a586a293e2bc1b99f1e8
x012,train,correct,29.977333215348068,734,24.485166666666668,848,480,unknown,unknown,5de873639d4494328b075ddc56acf47b4da8bec3a0952cd9236c237ecf295aa4
x013,test,correct,29.983023080646255,594,19.81121111111111,848,480,unknown,unknown,a3ff0f351da1f19c0d4515566641d3ac772b15c7065b5477128ffff110743a20
x014,test,correct,29.975597038813625,771,25.72092222222222,848,480,unknown,unknown,ab4c2c0c6abed92dd64fc784352a57a0e36c65593aa8ae803250bd622963bff9
x015,val,correct,30.0,563,18.766666666666666,848,480,unknown,unknown,6a4700bc6451f17e555fc23fd2f4c10e19d2a0c748c56ce892aaae525cc79b80
x016,val,correct,29.967755059905148,658,21.956933333333332,848,480,unknown,unknown,a58dc01816f37e2dad0f507cea27e7bfba7e9d4d18288c0f425f9571745f60d3
x017,val,correct,29.975748263967343,597,19.9161,848,480,unknown,unknown,6b1582713f03daa2e222d04b5b943d0c19b04b418852a656415d3ba63df534bd
x018,train,correct,29.986802215791254,668,22.276466666666668,848,480,unknown,unknown,15eaec3fdb85d556e60a2c95aac035f65654e52b67012cf6121f206fe3a7070a
x019,train,correct,29.97884043812477,596,19.880688888888887,848,480,unknown,unknown,eb2b0b57a0a1bc8a2852504337f59e523a2a5a9990eb5a95bd90279dd4d67805
x020,train,correct,30.0,590,19.666666666666668,848,480,unknown,unknown,9805ddda53be5eccf24d2fce758b2e2a4e175ec7b6e0abac7264a5bb42d09aa2
x021,train,correct,29.99116096282474,682,22.740033333333333,848,480,unknown,unknown,88c8d456bb3325bf2abdd716813e37bd0a2018fc2e5608dca561e131cbef38f6
x022,val,correct,29.97424146659593,538,17.948744444444444,848,480,unknown,unknown,52a8666816bacc5d7306d8f355b227c8f88df5ca16e22f3d3ac82e625d5fa0ee
x023,train,idle,29.91623454327882,120,4.0112,848,480,unknown,unknown,0c03fabf36aaf1dce758483b778ef76549aae133a6837c796d22c0db90080fd0
x024,val,skip,29.976831465850122,295,9.840933333333334,848,480,unknown,unknown,45e58ffad4f3af053d97035dfba90a374e0279dffd1feceb25dd53c8fba2ec46
x025,val,swap,30.0,490,16.333333333333332,848,480,unknown,unknown,c1bf1f0d13834aa6361670b0953ba5cb8e5be14ecf8e8d644cf81f4a67d87196
x026,train,swap,29.972434111692895,685,22.854333333333333,848,480,unknown,unknown,f1f9c66b7fa0f7ade6eb40b0fd08965f00bb6715fc190e337513741056cd2bf3
x027,train,repeat,29.97430773622609,777,25.9222,848,480,unknown,unknown,7852cefce817e3e8f06d5fa585ffc37abaa2fad4a1facac0be903ee9ae442c45
x028,val,swap,29.992263302263737,597,19.905133333333335,848,480,unknown,unknown,2537d7bfdb2d9fdab4c48852189dfe4866cd0941a4b400f3d9f96ea8b1f9b8bc
x029,train,skip,30.0,493,16.433333333333334,848,480,unknown,unknown,d982d4c73a88b57c35ea083474a1b02df7993a1b8f7400b7f8c11f7e65d95378
x030,train,swap,29.96242171189979,598,19.958333333333336,848,480,unknown,unknown,751fe5983b3a50a8b6e9f4021305477a2d0d9ad3b6629baf20be4280f84bb251
x031,train,swap,29.990768147900052,588,19.606033333333333,848,480,unknown,unknown,409c39d75f9dc3658c6b89bf2202517307af868ef79ce0320f8eabd0f61d1adc
x032,val,skip,30.01082414832575,573,19.09311111111111,848,480,unknown,unknown,4cdd24f405eaedcdd658f89e7a49e4fedbe4cc07e462e25a67cbd39253d646ab
x033,train,skip,29.98543810620704,464,15.47417777777778,848,480,unknown,unknown,e135c4c78b3a0500fdd424627beb6784a88df92c0a15ee3317c395dd05ae4f3a
x034,train,swap,29.992994337089147,411,13.7032,848,480,unknown,unknown,d1831b8d46af80197d2925b78b55b1ab5d743276e70a26f79254ee5567220195
x035,test,idle,30.0,434,14.466666666666667,848,480,unknown,unknown,a6e2ab46cb73b538228d82bd7d20cf27a78fb27930ca6915a47038f7a7f0c56d
x036,val,idle,29.99890247917759,492,16.4006,848,480,unknown,unknown,594f3267f449ceac3ff0ca9cbb1533d5dff033ef0cc369afa505618d4669dc33
x037,train,skip,29.981051301845742,356,11.874166666666667,848,480,unknown,unknown,4093e8958d00232525387780064cfe2534ef3775f17d48591d6744345ffd5489
x038,test,repeat,29.975375198873138,493,16.446833333333334,848,480,unknown,unknown,4fecadbfb1058ee51c80820de9d692b7d670a166b8ea8a3c9170d2b2273c1356
x039,train,skip,29.932595113271375,397,13.263133333333332,848,480,unknown,unknown,b284896f4a07f96e2719136c5e5bcc7bdc32c6311039742550f353638346dece
x040,val,repeat,29.962171312667017,259,8.644233333333334,848,480,unknown,unknown,1b622e2da0ce1c41fe0b3f9e3ba583baeee2f8d7c5f7b2c73b2a673f023021ab
x041,test,swap,29.972927678226117,465,15.514000000000001,848,480,unknown,unknown,0407d4087ecea93f098ba5b1a65504e795bff72a5d5e9461d1b3a586f546bb5e
x042,test,skip,29.925847457627118,339,11.328000000000001,848,480,unknown,unknown,1c9b7d8c2c0821be5e8e9c45340bb98759567063b4868dd5b47e37abff329f25
x043,train,swap,30.0,444,14.8,848,480,unknown,unknown,9609bea004a3566e88568f596bc1aaf50b0150fb37e3277ebabd1988e89abad0
x044,train,skip,30.01093876971099,460,15.327744444444445,848,480,unknown,unknown,4e9b847d27d42442ef3639d663f77d8ae183c1d763b60ef45bce5e112d5d1e6f
x045,test,skip,29.955178177837606,405,13.520199999999999,848,480,unknown,unknown,bed07470778fbc8678f16370959358f3371d5feccebdf01b2cd26987c9c51243
x046,test,swap,29.99380265036562,584,19.47068888888889,848,480,unknown,unknown,f50ff32ba9e273012e0b8911cc9e02781e706c7c5a80081e8c79687116d7142b
