run_id,split,script_type,variant,camera_setup_id,operator,planned_performed_steps,intent,condition,recorded,recorded_by,notes
001-correct,train,correct,c,S1,O1,red_out|red_in_tray|yellow_out|yellow_in_tray|start_pressed|red_stowed|yellow_stowed,Perform every step in order.,normal,,,
002-swap-a,train,swap,a,S1,O2,yellow_out|yellow_in_tray|red_out|red_in_tray|start_pressed|red_stowed|yellow_stowed,"Load the YELLOW box first, then the red.",normal,,,
003-idle-b,train,idle,b,S1,O3,,Hands wander in the workspace for 40 s but touch NOTHING and stay 10 cm from the START button.,normal,,,
004-correct,train,correct,c,S1,O2,red_out|red_in_tray|yellow_out|yellow_in_tray|start_pressed|red_stowed|yellow_stowed,Perform every step in order.,normal,,,
005-skip-a,train,skip,a,S1,O3,red_out|yellow_out|yellow_in_tray|start_pressed|red_stowed|yellow_stowed,Take the red box out but do NOT put it in the tray (leave it on the table); carry on; at the end put it back in the outer box.,normal,,,
006-robustness-fast,train,robustness,fast,S1,O2,red_out|red_in_tray|yellow_out|yellow_in_tray|start_pressed|red_stowed|yellow_stowed,Full correct run at about twice normal speed (still hold contact >= 1.5 s).,fast,,,
007-correct,train,correct,c,S1,O1,red_out|red_in_tray|yellow_out|yellow_in_tray|start_pressed|red_stowed|yellow_stowed,Perform every step in order.,normal,,,
008-robustness-distractor,train,robustness,distractor,S1,O2,red_out|red_in_tray|yellow_out|yellow_in_tray|start_pressed|red_stowed|yellow_stowed,Full correct run with 3-4 unrelated objects on the table and a second person's hand entering the frame edge (never touching the boxes).,distractors,,,
009-correct,train,correct,c,S1,O1,red_out|red_in_tray|yellow_out|yellow_in_tray|start_pressed|red_stowed|yellow_stowed,Perform every step in order.,normal,,,
010-correct,train,correct,c,S1,O2,red_out|red_in_tray|yellow_out|yellow_in_tray|start_pressed|red_stowed|yellow_stowed,Perform every step in order.,normal,,,
011-robustness-gloves,train,robustness,gloves,S1,O3,red_out|red_in_tray|yellow_out|yellow_in_tray|start_pressed|red_stowed|yellow_stowed,Full correct run wearing thin gloves (astronaut-glove analogue).,gloves,,,
012-repeat-a,train,repeat,a,S1,O2,red_out|red_in_tray|red_in_tray|yellow_out|yellow_in_tray|start_pressed|red_stowed|yellow_stowed,"Place red in the tray, lift it fully out for 1 s, place it in again.",normal,,,
013-robustness-distractor,test,robustness,distractor,S1,O3,red_out|red_in_tray|yellow_out|yellow_in_tray|start_pressed|red_stowed|yellow_stowed,Full correct run with 3-4 unrelated objects on the table and a second person's hand entering the frame edge (never touching the boxes).,distractors,,,
014-correct,test,correct,c,S1,O2,red_out|red_in_tray|yellow_out|yellow_in_tray|start_pressed|red_stowed|yellow_stowed,Perform every step in order.,normal,,,
015-idle-b,test,idle,b,S1,O2,,Hands wander in the workspace for 40 s but touch NOTHING and stay 10 cm from the START button.,normal,,,
016-robustness-gloves,test,robustness,gloves,S1,O3,red_out|red_in_tray|yellow_out|yellow_in_tray|start_pressed|red_stowed|yellow_stowed,Full correct run wearing thin gloves (astronaut-glove analogue).,gloves,,,
017-skip-c,train,skip,c,S1,O3,red_out|red_in_tray|start_pressed|red_stowed,"Never touch the yellow box: load red, press start, stow red, stop.",normal,,,
018-correct,test,correct,c,S1,O3,red_out|red_in_tray|yellow_out|yellow_in_tray|start_pressed|red_stowed|yellow_stowed,Perform every step in order.,normal,,,
019-idle-b,val,idle,b,S1,O1,,Hands wander in the workspace for 40 s but touch NOTHING and stay 10 cm from the START button.,normal,,,
020-swap-b,test,swap,b,S1,O4,red_out|red_in_tray|yellow_out|start_pressed|yellow_in_tray|red_stowed|yellow_stowed,"Take yellow out, press START, then place yellow in the tray.",normal,,,
021-correct,val,correct,c,S1,O2,red_out|red_in_tray|yellow_out|yellow_in_tray|start_pressed|red_stowed|yellow_stowed,Perform every step in order.,normal,,,
022-idle-a,test,idle,a,S1,O2,,"Empty workspace layout untouched, nobody in view, record 30 s.",normal,,,
023-swap-c,test,swap,c,S1,O1,red_out|red_in_tray|yellow_out|yellow_in_tray|start_pressed|yellow_stowed|red_stowed,Stow yellow BEFORE red (last two steps swapped).,normal,,,
024-repeat-b,train,repeat,b,S1,O3,red_out|red_in_tray|yellow_out|yellow_in_tray|start_pressed|start_pressed|red_stowed|yellow_stowed,"Press start, lift your hand away for 1 s, press start again.",normal,,,
025-skip-a,test,skip,a,S1,O1,red_out|yellow_out|yellow_in_tray|start_pressed|red_stowed|yellow_stowed,Take the red box out but do NOT put it in the tray (leave it on the table); carry on; at the end put it back in the outer box.,normal,,,
026-robustness-fast,test,robustness,fast,S1,O4,red_out|red_in_tray|yellow_out|yellow_in_tray|start_pressed|red_stowed|yellow_stowed,Full correct run at about twice normal speed (still hold contact >= 1.5 s).,fast,,,
027-robustness-gloves,val,robustness,gloves,S1,O2,red_out|red_in_tray|yellow_out|yellow_in_tray|start_pressed|red_stowed|yellow_stowed,Full correct run wearing thin gloves (astronaut-glove analogue).,gloves,,,
028-correct,val,correct,c,S1,O1,red_out|red_in_tray|yellow_out|yellow_in_tray|start_pressed|red_stowed|yellow_stowed,Perform every step in order.,normal,,,
029-skip-b,val,skip,b,S1,O1,red_out|red_in_tray|yellow_out|yellow_in_tray|red_stowed|yellow_stowed,Forget the start button entirely.,normal,,,
030-skip-c,val,skip,c,S1,O2,red_out|red_in_tray|start_pressed|red_stowed,"Never touch the yellow box: load red, press start, stow red, stop.",normal,,,
031-repeat-a,train,repeat,a,S1,O3,red_out|red_in_tray|red_in_tray|yellow_out|yellow_in_tray|start_pressed|red_stowed|yellow_stowed,"Place red in the tray, lift it fully out for 1 s, place it in again.",normal,,,
032-swap-b,test,swap,b,S1,O3,red_out|red_in_tray|yellow_out|start_pressed|yellow_in_tray|red_stowed|yellow_stowed,"Take yellow out, press START, then place yellow in the tray.",normal,,,
033-skip-b,train,skip,b,S1,O2,red_out|red_in_tray|yellow_out|yellow_in_tray|red_stowed|yellow_stowed,Forget the start button entirely.,normal,,,
034-skip-c,train,skip,c,S1,O1,red_out|red_in_tray|start_pressed|red_stowed,"Never touch the yellow box: load red, press start, stow red, stop.",normal,,,
035-repeat-a,test,repeat,a,S1,O4,red_out|red_in_tray|red_in_tray|yellow_out|yellow_in_tray|start_pressed|red_stowed|yellow_stowed,"Place red in the tray, lift it fully out for 1 s, place it in again.",normal,,,
036-skip-b,test,skip,b,S1,O4,red_out|red_in_tray|yellow_out|yellow_in_tray|red_stowed|yellow_stowed,Forget the start button entirely.,normal,,,
037-repeat-b,test,repeat,b,S1,O4,red_out|red_in_tray|yellow_out|yellow_in_tray|start_pressed|start_pressed|red_stowed|yellow_stowed,"Press start, lift your hand away for 1 s, press start again.",normal,,,
038-correct,val,correct,c,S1,O1,red_out|red_in_tray|yellow_out|yellow_in_tray|start_pressed|red_stowed|yellow_stowed,Perform every step in order.,normal,,,
039-repeat-b,train,repeat,b,S1,O1,red_out|red_in_tray|yellow_out|yellow_in_tray|start_pressed|start_pressed|red_stowed|yellow_stowed,"Press start, lift your hand away for 1 s, press start again.",normal,,,
040-skip-a,test,skip,a,S1,O3,red_out|yellow_out|yellow_in_tray|start_pressed|red_stowed|yellow_stowed,Take the red box out but do NOT put it in the tray (leave it on the table); carry on; at the end put it back in the outer box.,normal,,,
041-skip-c,test,skip,c,S1,O4,red_out|red_in_tray|start_pressed|red_stowed,"Never touch the yellow box: load red, press start, stow red, stop.",normal,,,
042-swap-a,val,swap,a,S1,O3,yellow_out|yellow_in_tray|red_out|red_in_tray|start_pressed|red_stowed|yellow_stowed,"Load the YELLOW box first, then the red.",normal,,,
043-skip-b,test,skip,b,S1,O2,red_out|red_in_tray|yellow_out|yellow_in_tray|red_stowed|yellow_stowed,Forget the start button entirely.,normal,,,
044-skip-c,test,skip,c,S1,O3,red_out|red_in_tray|start_pressed|red_stowed,"Never touch the yellow box: load red, press start, stow red, stop.",normal,,,
045-correct,test,correct,c,S1,O2,red_out|red_in_tray|yellow_out|yellow_in_tray|start_pressed|red_stowed|yellow_stowed,Perform every step in order.,normal,,,
046-swap-a,test,swap,a,S1,O1,yellow_out|yellow_in_tray|red_out|red_in_tray|start_pressed|red_stowed|yellow_stowed,"Load the YELLOW box first, then the red.",normal,,,
047-robustness-fast,train,robustness,fast,S1,O1,red_out|red_in_tray|yellow_out|yellow_in_tray|start_pressed|red_stowed|yellow_stowed,Full correct run at about twice normal speed (still hold contact >= 1.5 s).,fast,,,
048-swap-b,val,swap,b,S1,O2,red_out|red_in_tray|yellow_out|start_pressed|yellow_in_tray|red_stowed|yellow_stowed,"Take yellow out, press START, then place yellow in the tray.",normal,,,
049-skip-a,train,skip,a,S1,O1,red_out|yellow_out|yellow_in_tray|start_pressed|red_stowed|yellow_stowed,Take the red box out but do NOT put it in the tray (leave it on the table); carry on; at the end put it back in the outer box.,normal,,,
050-swap-b,train,swap,b,S1,O3,red_out|red_in_tray|yellow_out|start_pressed|yellow_in_tray|red_stowed|yellow_stowed,"Take yellow out, press START, then place yellow in the tray.",normal,,,
051-swap-b,train,swap,b,S1,O1,red_out|red_in_tray|yellow_out|start_pressed|yellow_in_tray|red_stowed|yellow_stowed,"Take yellow out, press START, then place yellow in the tray.",normal,,,
052-swap-a,test,swap,a,S1,O2,yellow_out|yellow_in_tray|red_out|red_in_tray|start_pressed|red_stowed|yellow_stowed,"Load the YELLOW box first, then the red.",normal,,,
053-idle-a,train,idle,a,S1,O1,,"Empty workspace layout untouched, nobody in view, record 30 s.",normal,,,
054-skip-b,train,skip,b,S1,O3,red_out|red_in_tray|yellow_out|yellow_in_tray|red_stowed|yellow_stowed,Forget the start button entirely.,normal,,,
055-correct,test,correct,c,S1,O1,red_out|red_in_tray|yellow_out|yellow_in_tray|start_pressed|red_stowed|yellow_stowed,Perform every step in order.,normal,,,
056-repeat-a,val,repeat,a,S1,O1,red_out|red_in_tray|red_in_tray|yellow_out|yellow_in_tray|start_pressed|red_stowed|yellow_stowed,"Place red in the tray, lift it fully out for 1 s, place it in again.",normal,,,
057-repeat-b,val,repeat,b,S1,O2,red_out|red_in_tray|yellow_out|yellow_in_tray|start_pressed|start_pressed|red_stowed|yellow_stowed,"Press start, lift your hand away for 1 s, press start again.",normal,,,
058-correct,train,correct,c,S1,O1,red_out|red_in_tray|yellow_out|yellow_in_tray|start_pressed|red_stowed|yellow_stowed,Perform every step in order.,normal,,,
059-skip-a,val,skip,a,S1,O2,red_out|yellow_out|yellow_in_tray|start_pressed|red_stowed|yellow_stowed,Take the red box out but do NOT put it in the tray (leave it on the table); carry on; at the end put it back in the outer box.,normal,,,
060-correct,train,correct,c,S1,O2,red_out|red_in_tray|yellow_out|yellow_in_tray|start_pressed|red_stowed|yellow_stowed,Perform every step in order.,normal,,,
061-repeat-b,test,repeat,b,S1,O3,red_out|red_in_tray|yellow_out|yellow_in_tray|start_pressed|start_pressed|red_stowed|yellow_stowed,"Press start, lift your hand away for 1 s, press start again.",normal,,,
062-robustness-distractor,train,robustness,distractor,S1,O1,red_out|red_in_tray|yellow_out|yellow_in_tray|start_pressed|red_stowed|yellow_stowed,Full correct run with 3-4 unrelated objects on the table and a second person's hand entering the frame edge (never touching the boxes).,distractors,,,
063-repeat-a,test,repeat,a,S1,O2,red_out|red_in_tray|red_in_tray|yellow_out|yellow_in_tray|start_pressed|red_stowed|yellow_stowed,"Place red in the tray, lift it fully out for 1 s, place it in again.",normal,,,
064-swap-a,train,swap,a,S1,O1,yellow_out|yellow_in_tray|red_out|red_in_tray|start_pressed|red_stowed|yellow_stowed,"Load the YELLOW box first, then the red.",normal,,,
065-correct,train,correct,c,S1,O2,red_out|red_in_tray|yellow_out|yellow_in_tray|start_pressed|red_stowed|yellow_stowed,Perform every step in order.,normal,,,
066-robustness-gloves,train,robustness,gloves,S1,O1,red_out|red_in_tray|yellow_out|yellow_in_tray|start_pressed|red_stowed|yellow_stowed,Full correct run wearing thin gloves (astronaut-glove analogue).,gloves,,,
067-correct,test,correct,c,S2,O4,red_out|red_in_tray|yellow_out|yellow_in_tray|start_pressed|red_stowed|yellow_stowed,Perform every step in order.,normal,,,
068-correct,train,correct,c,S2,O3,red_out|red_in_tray|yellow_out|yellow_in_tray|start_pressed|red_stowed|yellow_stowed,Perform every step in order.,normal,,,
069-correct,val,correct,c,S2,O3,red_out|red_in_tray|yellow_out|yellow_in_tray|start_pressed|red_stowed|yellow_stowed,Perform every step in order.,normal,,,
070-correct,train,correct,c,S2,O3,red_out|red_in_tray|yellow_out|yellow_in_tray|start_pressed|red_stowed|yellow_stowed,Perform every step in order.,normal,,,
071-robustness-dim,val,robustness,dim,S2,O2,red_out|red_in_tray|yellow_out|yellow_in_tray|start_pressed|red_stowed|yellow_stowed,Full correct run in reduced/side lighting.,dim light,,,
072-robustness-dim,test,robustness,dim,S2,O4,red_out|red_in_tray|yellow_out|yellow_in_tray|start_pressed|red_stowed|yellow_stowed,Full correct run in reduced/side lighting.,dim light,,,
073-correct,train,correct,c,S2,O3,red_out|red_in_tray|yellow_out|yellow_in_tray|start_pressed|red_stowed|yellow_stowed,Perform every step in order.,normal,,,
074-robustness-dim,train,robustness,dim,S2,O1,red_out|red_in_tray|yellow_out|yellow_in_tray|start_pressed|red_stowed|yellow_stowed,Full correct run in reduced/side lighting.,dim light,,,
075-robustness-dim,train,robustness,dim,S2,O3,red_out|red_in_tray|yellow_out|yellow_in_tray|start_pressed|red_stowed|yellow_stowed,Full correct run in reduced/side lighting.,dim light,,,
076-correct,train,correct,c,S2,O3,red_out|red_in_tray|yellow_out|yellow_in_tray|start_pressed|red_stowed|yellow_stowed,Perform every step in order.,normal,,,
077-correct,test,correct,c,S2,O4,red_out|red_in_tray|yellow_out|yellow_in_tray|start_pressed|red_stowed|yellow_stowed,Perform every step in order.,normal,,,
